[

{ "question" : "q000", "image" : "", "cA" : 2, "iA" : false, "ans" : [ "ans000_1", "ans000_2", "ans000_3", "ans000_4" ] },
{ "question" : "q001", "image" : "barcelona", "cA" : 0, "iA" : false, "ans" : [ "ans001_1", "ans001_2", "ans001_3", "ans001_4" ] },
{ "question" : "q002", "image" : "trevi", "cA" : 1, "iA" : false, "ans" : [ "ans002_1", "ans002_2", "ans002_3", "ans002_4" ] },
{ "question" : "q003", "image" : "", "cA" : 3, "iA" : true, "ans" : [ "ans003_1", "ans003_2", "ans003_3", "ans003_4" ] },
{ "question" : "q004", "image" : "", "cA" : 0, "iA" : false, "ans" : [ "ans004_1", "ans004_2", "ans004_3", "ans004_4" ] },
{ "question" : "q005", "image" : "celinedion", "cA" : 3, "iA" : false, "ans" : [ "ans005_1", "ans005_2", "ans005_3", "ans005_4" ] },
{ "question" : "q006", "image" : "london", "cA" : 1, "iA" : false, "ans" : [ "ans006_1", "ans006_2", "ans006_3", "ans006_4" ] },
{ "question" : "q007", "image" : "", "cA" : 0, "iA" : true, "ans" : [ "ans007_1", "ans007_2", "ans007_3", "ans007_4" ] },
{ "question" : "q008", "image" : "", "cA" : 1, "iA" : false, "ans" : [ "ans008_1", "ans008_2", "ans008_3", "ans008_4" ] },
{ "question" : "q009", "image" : "", "cA" : 0, "iA" : false, "ans" : [ "ans009_1", "ans009_2", "ans009_3", "ans009_4" ] },
{ "question" : "q010", "image" : "", "cA" : 2, "iA" : true, "ans" : [ "ans010_1", "ans010_2", "ans010_3", "ans010_4" ] },
{ "question" : "q011", "image" : "", "cA" : 1, "iA" : true, "ans" : [ "ans011_1", "ans011_2", "ans011_3", "ans011_4" ] },
{ "question" : "q012", "image" : "", "cA" : 3, "iA" : false, "ans" : [ "ans012_1", "ans012_2", "ans012_3", "ans012_4" ] },
{ "question" : "q013", "image" : "", "cA" : 2, "iA" : false, "ans" : [ "ans013_1", "ans013_2", "ans013_3", "ans013_4" ] },
{ "question" : "q014", "image" : "", "cA" : 3, "iA" : true, "ans" : [ "ans014_1", "ans014_2", "ans014_3", "ans014_4" ] }

]